epoch;loss;val_loss
0;781.2189025878906;829.9469680786133
0;710.8278274536133;766.6585464477539
0;707.7080001831055;708.3319702148438
0;701.845703125;706.0181198120117
0;700.500373840332;700.2210311889648
0;700.5988998413086;698.100341796875
0;696.259407043457;694.9268035888672
0;693.3985748291016;848.5140151977539
0;688.9488067626953;748.1117401123047
0;688.6481170654297;748.1089172363281
0;686.8577270507812;696.0538558959961
0;680.8856887817383;700.9895172119141
0;672.0559387207031;667.5595245361328
0;678.1871719360352;676.5104064941406
0;671.1305313110352;788.4108963012695
0;668.8185882568359;668.1584930419922
0;668.5258865356445;683.3766098022461
0;668.846076965332;671.3477630615234
0;664.6950378417969;695.1790924072266
0;667.3116149902344;685.8231201171875
0;662.3222885131836;694.4092712402344
0;664.4674987792969;671.6727294921875
0;665.0488357543945;692.1752700805664
0;657.7987670898438;669.3248748779297
0;653.3854446411133;664.591423034668
0;659.5694122314453;668.1206130981445
0;655.5665817260742;678.786994934082
0;658.5782470703125;662.6280822753906
0;656.5488433837891;659.0701522827148
0;653.3488616943359;647.9427261352539
0;653.0849304199219;670.3629379272461
0;651.4952926635742;688.6449432373047
0;649.1405029296875;669.144645690918
0;647.5219650268555;672.3521118164062
0;644.5887451171875;645.9501190185547
0;647.0613021850586;698.0702209472656
0;647.9349670410156;646.6740493774414
0;638.5243530273438;644.8799667358398
0;642.6433486938477;656.8243789672852
0;642.1812591552734;655.0935592651367
0;639.9601745605469;660.9441146850586
0;642.0620880126953;651.7684173583984
0;640.0009384155273;658.9601211547852
0;645.1333312988281;644.230712890625
0;643.9303359985352;645.2986068725586
0;642.0306701660156;648.3801422119141
0;639.1627502441406;652.4032745361328
0;637.9719314575195;640.1225357055664
0;644.5405426025391;652.1111068725586
0;642.4049835205078;654.895751953125
0;638.1745452880859;648.5481719970703
0;635.8034973144531;644.1553421020508
0;639.8089904785156;659.3497161865234
0;631.0672988891602;632.6505432128906
0;635.2649536132812;635.0918655395508
0;624.3771667480469;645.8387298583984
0;635.7412567138672;637.0360107421875
0;634.062858581543;639.04443359375
0;629.3891906738281;627.1019973754883
0;632.0363998413086;632.9245681762695
0;637.8683090209961;640.4178695678711
0;630.1342620849609;626.6653060913086
0;635.7574768066406;638.4917984008789
0;630.7846145629883;629.6291046142578
0;636.1914978027344;639.4546356201172
0;633.8767242431641;637.5247650146484
0;633.7846527099609;649.7367782592773
0;630.2729034423828;638.2380752563477
0;634.5927886962891;643.0583419799805
0;640.8456878662109;643.5878601074219
0;629.7178802490234;626.4593353271484
0;634.2994079589844;633.0566253662109
0;637.0129013061523;639.5898666381836
0;630.8609771728516;629.0412979125977
0;625.0524520874023;633.2277908325195
0;630.4497909545898;641.3424606323242
0;625.3178253173828;627.4959945678711
0;634.9682235717773;636.0654830932617
0;633.6491546630859;646.6833953857422
0;635.3037414550781;633.8809967041016
0;630.855842590332;637.9658584594727
0;630.6157073974609;643.4586639404297
0;627.8753433227539;629.9137878417969
0;630.7583160400391;633.3343505859375
0;633.3766708374023;637.1808853149414
0;626.1170120239258;628.6140899658203
0;627.2999649047852;626.1315460205078
0;629.0341186523438;647.640007019043
0;631.7083740234375;631.2483215332031
0;627.8530654907227;633.5582733154297
0;627.6725921630859;627.3280410766602
0;627.2244873046875;636.2007064819336
0;626.60546875;628.2721176147461
0;622.091796875;628.1552124023438
0;633.2556457519531;637.2498779296875
0;625.2070007324219;641.1874465942383
0;630.9927291870117;631.1308822631836
0;632.4704971313477;635.1029434204102
0;634.0476379394531;635.0211181640625
0;629.7717132568359;627.6533966064453
0;781.269401550293;1347.6078033447266
0;745.707649230957;709.042106628418
0;718.144172668457;708.4233779907227
0;708.4469604492188;709.1381225585938
0;705.4168930053711;711.4947967529297
0;702.443733215332;714.888671875
0;705.130729675293;711.6064376831055
0;705.1526489257812;709.1167144775391
0;702.3610610961914;707.8636779785156
0;703.3231201171875;709.3009719848633
0;702.5189971923828;708.4915924072266
0;701.8814392089844;707.0368499755859
0;703.8417282104492;708.9967193603516
0;702.7820053100586;709.0482559204102
0;701.4440002441406;707.2219543457031
0;702.5278930664062;708.8750762939453
0;702.9813461303711;709.9833297729492
0;702.2029647827148;708.011360168457
0;702.4456176757812;708.5203170776367
0;702.5564422607422;709.2354888916016
0;702.7088241577148;709.06982421875
0;703.5606079101562;709.1446151733398
0;704.0765991210938;708.7082138061523
0;702.6802978515625;709.2611770629883
0;702.3090438842773;708.7262420654297
0;702.6897506713867;708.4328765869141
0;702.2970352172852;708.5339736938477
0;704.5992126464844;709.1667022705078
0;701.2732162475586;707.9924392700195
0;701.1950454711914;708.8027114868164
0;703.3427658081055;708.9439010620117
0;702.7537994384766;708.421989440918
0;703.6981430053711;708.6299591064453
0;702.7398300170898;708.6017227172852
0;701.6686019897461;707.5801544189453
0;702.5511856079102;708.7098770141602
0;701.0082015991211;706.6781539916992
0;701.907844543457;707.9894409179688
0;703.3545684814453;707.8286666870117
0;701.6128082275391;707.4690246582031
0;700.7975082397461;707.998649597168
0;701.7860260009766;707.0673675537109
0;701.9274597167969;707.3682098388672
0;701.9626159667969;707.9366455078125
0;701.8325653076172;707.9872589111328
0;700.9880142211914;706.930534362793
0;702.6494445800781;707.6141738891602
0;702.6073455810547;707.5834350585938
0;701.9305267333984;708.1051025390625
0;701.4076843261719;706.6819458007812
0;702.5004119873047;707.9382781982422
0;701.2540893554688;707.3081893920898
0;702.2918853759766;707.3140563964844
0;701.6337203979492;707.0883941650391
0;701.0130844116211;705.9352569580078
0;703.5583953857422;707.7292709350586
0;701.4866790771484;706.1183013916016
0;700.2014846801758;707.0839462280273
0;703.010612487793;708.3981475830078
0;703.7998199462891;708.2325744628906
0;701.1612701416016;706.0017852783203
0;703.2069473266602;708.0977401733398
0;701.2924346923828;709.1006088256836
0;702.9088134765625;708.3997344970703
0;702.8495559692383;708.1308135986328
0;700.9837188720703;707.4637298583984
0;701.2852478027344;707.7247848510742
0;701.1193161010742;708.0741271972656
0;702.6031875610352;707.7180938720703
0;701.774772644043;708.045783996582
0;705.4619369506836;709.5386123657227
0;702.1007308959961;708.7470016479492
0;703.597526550293;708.561637878418
0;701.6286544799805;708.3616714477539
0;701.9169311523438;707.5135803222656
0;702.3952560424805;707.2208251953125
0;701.2715148925781;708.3069229125977
0;702.5481567382812;708.6218872070312
0;702.5431365966797;708.6606979370117
0;702.8764190673828;708.5798873901367
0;701.4497451782227;708.430419921875
0;703.9441146850586;707.8023071289062
0;701.2281646728516;707.9837799072266
0;703.6101303100586;709.2783050537109
0;702.6735458374023;708.8286209106445
0;702.5957336425781;707.7869338989258
0;702.1954345703125;707.836067199707
0;701.8923492431641;707.1567840576172
0;701.89892578125;707.1381607055664
0;702.2482528686523;707.9843521118164
0;702.3384323120117;708.032829284668
0;701.2617263793945;707.5609817504883
0;701.509407043457;707.1397171020508
0;701.8732604980469;706.7039489746094
0;701.462043762207;708.4643325805664
0;701.5470962524414;706.8808441162109
0;702.1678771972656;707.7897644042969
0;701.9192504882812;707.5089797973633
0;701.7803039550781;707.3858032226562
0;704.4944915771484;708.7832641601562
0;702.6677322387695;708.5603103637695
0;703.345344543457;709.2767715454102
0;703.5515823364258;708.9907531738281
0;700.3006973266602;707.8503112792969
0;702.77685546875;709.1505966186523
0;702.0592575073242;707.2853851318359
0;700.1459350585938;706.3840713500977
0;702.8938903808594;707.6450500488281
0;700.4611129760742;708.3528366088867
0;703.9068145751953;709.0213317871094
0;702.2977676391602;708.1461181640625
0;702.7092208862305;708.6476974487305
0;703.2626953125;708.6722106933594
0;703.8470764160156;708.6183853149414
0;703.2158432006836;707.7954177856445
0;701.8163146972656;707.4921035766602
0;700.454231262207;707.8640975952148
0;701.5024185180664;707.3506546020508
0;699.5681228637695;705.1141052246094
0;700.1012344360352;705.0536651611328
0;700.7670364379883;705.5800628662109
0;702.4031829833984;707.167350769043
0;703.1601638793945;706.9431228637695
0;700.6762390136719;705.6635360717773
0;700.9233169555664;707.2795867919922
0;703.537727355957;707.7179336547852
0;704.2296829223633;708.950065612793
0;701.2610778808594;707.5741806030273
0;700.8950424194336;708.8041763305664
0;701.3993453979492;708.0192031860352
0;704.1808166503906;708.6200714111328
0;703.3950958251953;708.808219909668
0;702.0934982299805;707.0002059936523
0;702.3303451538086;707.8166427612305
0;702.5923233032227;708.0442276000977
0;701.515251159668;707.8782119750977
0;703.1149520874023;708.49365234375
0;701.7958602905273;708.8667678833008
0;701.7854385375977;708.5320281982422
0;704.1392135620117;708.832893371582
0;701.787109375;707.708984375
0;701.4740829467773;707.6446075439453
0;701.7398452758789;707.8531188964844
0;702.0568161010742;707.4743347167969
0;702.1952819824219;707.1062164306641
0;703.9314346313477;707.8627777099609
0;701.9148101806641;707.7449264526367
0;702.0024490356445;708.1161956787109
0;702.0735397338867;708.5557861328125
0;701.4475402832031;709.0395431518555
0;702.6855621337891;707.7901916503906
0;703.6826782226562;707.8838272094727
0;700.942138671875;706.7131576538086
0;703.0584716796875;708.2376022338867
0;703.9780883789062;708.6492691040039
0;702.3276138305664;708.4045639038086
0;701.3631439208984;707.2432250976562
0;702.8325042724609;708.5456466674805
0;700.985595703125;707.2728805541992
0;702.2092666625977;707.5810623168945
0;700.9280014038086;706.8899002075195
0;702.7990570068359;708.4004440307617
0;702.4023666381836;708.1049118041992
0;702.9647750854492;708.4090957641602
0;700.4378814697266;706.2410659790039
0;702.0521850585938;707.6715240478516
0;701.8320159912109;707.5396347045898
0;702.5672073364258;706.5923233032227
0;702.6551132202148;708.3110580444336
0;701.4880752563477;707.2016677856445
0;702.5167083740234;707.9048767089844
0;703.9173126220703;708.2929229736328
0;700.9458618164062;708.0965728759766
0;704.3109893798828;709.2501220703125
0;702.237419128418;708.2679443359375
0;702.4611968994141;707.5177307128906
0;702.0552520751953;706.7145233154297
0;703.7608337402344;707.7875061035156
0;701.1228179931641;706.8765563964844
0;702.3645324707031;706.9451599121094
0;701.6633834838867;706.6927108764648
0;701.5835189819336;707.0244598388672
0;701.6427230834961;707.7489242553711
0;702.7697830200195;707.8542861938477
0;702.7519073486328;707.4814987182617
0;700.6234283447266;707.1532974243164
0;701.2852554321289;708.3857345581055
0;701.4631576538086;708.0498809814453
0;704.5503768920898;708.4193725585938
0;702.1376113891602;707.0229263305664
0;703.7365264892578;708.2292022705078
0;702.7629318237305;707.7111663818359
0;703.7040786743164;707.7379913330078
0;702.5369110107422;707.4163208007812
0;703.5485153198242;707.9712829589844
0;701.5824890136719;707.5201416015625
0;703.4095077514648;708.5720825195312
0;703.8469772338867;708.6167602539062
0;702.8231735229492;709.03759765625
0;701.7962341308594;708.3440628051758
0;774.103889465332;1607.9534759521484
0;755.8029708862305;714.2131118774414
0;710.9611587524414;713.9119186401367
0;706.2963943481445;712.2251052856445
0;703.0893020629883;710.6779708862305
0;703.8317184448242;709.1927108764648
0;703.0845794677734;709.9914093017578
0;703.2421035766602;711.6177673339844
0;703.2478103637695;712.5316543579102
0;701.0467224121094;712.3666839599609
0;701.4720077514648;711.6964340209961
0;702.8726959228516;712.7220458984375
0;699.9732437133789;711.8701553344727
0;704.3970184326172;713.7722854614258
0;702.3521118164062;712.2278747558594
0;702.0971755981445;712.5914993286133
0;703.7670822143555;713.7104339599609
0;702.8474502563477;713.2368469238281
0;702.1278457641602;712.9001770019531
0;703.6317367553711;713.7026596069336
0;702.4208602905273;714.0196685791016
0;702.2555160522461;715.2038192749023
0;703.3164749145508;714.8339157104492
0;702.8853073120117;715.2345428466797
0;701.5303497314453;714.3841934204102
0;702.1554946899414;715.0011901855469
0;702.9790878295898;713.6892013549805
0;702.3522186279297;713.6208114624023
0;705.1666259765625;715.1071472167969
0;701.1211395263672;713.5663146972656
0;700.901496887207;713.4166488647461
0;700.1736526489258;714.5332717895508
0;702.4528579711914;713.3616180419922
0;701.4857635498047;713.1697998046875
0;704.4794845581055;713.7225723266602
0;702.7454528808594;712.4518585205078
0;703.0657348632812;713.4082717895508
0;703.4265594482422;713.9952697753906
0;702.0743713378906;714.3679504394531
0;701.6006164550781;714.6312026977539
0;701.2816314697266;714.7052001953125
0;702.3514175415039;713.8736190795898
0;702.8544235229492;713.8112106323242
0;703.5777206420898;714.5475997924805
0;701.487678527832;714.4135055541992
0;702.3469543457031;713.4453506469727
0;703.3439636230469;714.1708831787109
0;703.1895217895508;714.2300643920898
0;701.5846481323242;714.1387634277344
0;702.6609497070312;714.6549072265625
0;702.4364013671875;713.3498916625977
0;701.8129653930664;714.7908554077148
0;702.2374649047852;712.4449768066406
0;702.9318161010742;713.6894607543945
0;699.745491027832;714.2776031494141
0;702.1611022949219;713.2974395751953
0;703.2758178710938;713.6547546386719
0;702.2750625610352;714.1552124023438
0;702.5859756469727;714.5407257080078
0;702.6389923095703;714.6735076904297
0;702.7857666015625;713.8251953125
0;700.9390182495117;715.5737075805664
0;704.3462829589844;714.0002365112305
0;702.7138214111328;713.984375
0;703.4636611938477;713.5801391601562
0;700.035774230957;714.6706848144531
0;701.4723281860352;714.4995040893555
0;776.1415710449219;1728.1869201660156
0;748.6552352905273;717.0054244995117
0;713.6339569091797;713.3056411743164
0;706.369384765625;715.8388595581055
0;704.4334411621094;717.0455551147461
0;703.9784927368164;715.3005905151367
0;702.6741409301758;714.9845809936523
0;703.3966827392578;716.5975799560547
0;702.3761825561523;719.6169967651367
0;702.1285858154297;721.8650131225586
0;701.1864395141602;723.4616317749023
0;703.3171768188477;725.2433776855469
0;701.5091247558594;724.5928115844727
0;699.7806930541992;723.9998931884766
0;782.281379699707;1601.2907257080078
0;704.8437957763672;725.2329635620117
0;695.8147201538086;693.478401184082
0;695.642578125;735.6091613769531
0;690.1299667358398;693.7564086914062
0;685.8909301757812;722.2457504272461
0;686.5774612426758;797.6726837158203
0;674.7775955200195;670.26611328125
0;670.5897598266602;703.9257736206055
0;667.5510787963867;734.5861282348633
0;666.4816818237305;725.2550430297852
0;665.8793411254883;737.478401184082
0;661.2958755493164;700.6364288330078
0;665.8061599731445;740.9665069580078
0;663.0570220947266;673.9013824462891
0;658.1905746459961;663.5574111938477
0;662.1209335327148;704.641845703125
0;660.6225967407227;680.5354614257812
0;662.6911087036133;661.2409286499023
0;662.5873336791992;697.9721450805664
0;661.6021041870117;687.0310134887695
0;653.4104385375977;696.0546493530273
0;656.0949630737305;657.5400848388672
0;654.0382080078125;656.8723373413086
0;650.9474945068359;700.8304824829102
0;648.6383285522461;752.6440200805664
0;645.6663818359375;668.6101837158203
0;652.6245803833008;659.3003692626953
0;649.4907989501953;684.1836853027344
0;646.8137588500977;648.8605499267578
0;641.7530975341797;647.2872314453125
0;649.835205078125;668.3128280639648
0;646.0082244873047;664.1572723388672
0;639.4589157104492;695.140983581543
0;633.2772216796875;664.2892150878906
0;640.3284072875977;648.7722091674805
0;638.7978515625;648.3939819335938
0;641.2382354736328;640.9194259643555
0;639.3501510620117;655.5285491943359
0;638.0186386108398;648.1589050292969
0;638.1726989746094;658.412239074707
0;641.8249893188477;653.5751419067383
0;639.1577301025391;639.6833038330078
0;645.0705184936523;653.4067077636719
0;635.1340866088867;646.1881866455078
0;643.1421966552734;642.2500839233398
0;638.4264526367188;651.526008605957
0;635.0216293334961;632.8601837158203
0;635.6327209472656;632.5096893310547
0;643.6728973388672;641.0307540893555
0;639.1054763793945;642.1997680664062
0;634.8039321899414;635.2631378173828
0;638.3818130493164;646.2767715454102
0;633.5697402954102;639.2714004516602
0;632.5469360351562;629.6823883056641
0;628.6895523071289;628.1145248413086
0;635.3773040771484;642.5774078369141
0;634.5206527709961;638.7239151000977
0;637.1081924438477;649.8615798950195
0;629.2820053100586;635.2018661499023
0;636.1276931762695;637.5978012084961
0;635.0888366699219;633.6342315673828
0;626.6144180297852;627.4160003662109
0;636.5669174194336;635.591178894043
0;637.5784301757812;634.3958053588867
0;637.4087448120117;636.2824935913086
0;631.8077545166016;630.1289520263672
0;634.1589279174805;632.1708450317383
0;638.4260711669922;635.9859924316406
0;626.3536987304688;625.183479309082
0;623.1880187988281;620.6677627563477
0;619.1554260253906;617.3180541992188
0;632.3320541381836;629.4629516601562
0;629.5493850708008;628.0950622558594
0;627.9284210205078;629.1866226196289
0;627.9288787841797;628.3908157348633
0;627.285400390625;627.6895904541016
0;626.3334121704102;626.2820510864258
0;630.9673843383789;633.252197265625
0;634.5442047119141;632.9256286621094
0;631.1995544433594;628.0824813842773
0;630.2198944091797;631.6347503662109
0;633.0187759399414;633.96484375
0;629.3918991088867;628.6574935913086
0;631.7031555175781;629.3268737792969
0;627.0067977905273;623.7797393798828
0;622.3478240966797;619.857795715332
0;624.7826995849609;622.6224060058594
0;628.9054260253906;631.0396347045898
0;628.7294921875;626.0551376342773
0;624.8989410400391;624.8955917358398
0;626.884880065918;624.89404296875
0;630.4772415161133;633.6669006347656
0;628.4406356811523;625.8718338012695
0;624.6071701049805;629.6135025024414
0;629.6288833618164;633.0353546142578
0;628.2268295288086;631.7963943481445
0;620.5778121948242;618.5776977539062
0;627.6377334594727;633.8092346191406
0;629.4084930419922;627.3789367675781
0;625.653076171875;633.5061416625977
0;627.5701522827148;625.8795623779297
0;631.6921081542969;632.9453964233398
0;632.3305206298828;632.61865234375
0;625.0125427246094;650.0501937866211
0;637.3481369018555;911.670036315918
0;628.8157043457031;682.9571990966797
0;626.5553359985352;648.8993301391602
0;625.6733856201172;626.5588073730469
0;627.2122955322266;625.5801773071289
0;627.5399856567383;626.1991577148438
0;624.1809921264648;625.5003433227539
0;629.9141998291016;629.6564254760742
0;625.7727890014648;623.8783950805664
0;626.3256301879883;625.9706420898438
0;626.0156402587891;623.7722396850586
0;619.208740234375;617.0883865356445
0;627.1499633789062;623.0331344604492
0;620.4478988647461;617.9971466064453
0;624.4231948852539;622.3736724853516
0;629.3808898925781;626.4823226928711
0;621.8499145507812;620.2500915527344
0;629.0219497680664;626.1304473876953
0;620.9854049682617;619.098388671875
0;626.3614501953125;623.263671875
0;619.6992950439453;618.8529968261719
0;620.8024520874023;621.0168991088867
0;626.9534683227539;627.0502777099609
0;624.0723190307617;623.6172866821289
0;617.8324127197266;617.1888961791992
0;618.1382369995117;616.1661376953125
0;623.0774154663086;621.8196563720703
0;619.1475372314453;616.5335159301758
0;623.5289459228516;621.8299407958984
0;622.9990997314453;621.9191207885742
0;625.7683715820312;623.3122177124023
0;618.9748306274414;616.406364440918
0;623.9638900756836;622.4690399169922
0;622.2970962524414;619.2144012451172
0;618.2606811523438;618.7584991455078
0;621.1073913574219;617.4743728637695
0;624.9595794677734;622.4446487426758
0;621.178840637207;617.5712966918945
0;626.1958389282227;623.4804534912109
0;619.0584182739258;620.0992202758789
0;621.2195281982422;622.6273956298828
0;618.1638793945312;616.6118545532227
0;624.6849365234375;623.1845932006836
0;614.6865463256836;611.885986328125
0;618.081672668457;616.0117797851562
0;625.0327224731445;622.1783981323242
0;625.4798431396484;623.5715255737305
0;617.7656021118164;615.3727951049805
0;621.4496307373047;619.2205200195312
0;627.0481033325195;627.4162826538086
0;619.0594482421875;615.8491516113281
0;624.0462875366211;621.8411254882812
0;620.9387817382812;618.545051574707
0;623.89453125;621.645133972168
0;618.8618698120117;616.8583908081055
0;626.3415069580078;626.9306564331055
0;622.2354354858398;618.9314346313477
0;615.8603515625;615.847038269043
0;621.7714309692383;618.4125289916992
0;611.4532012939453;609.6951446533203
0;627.0573120117188;629.8450775146484
0;616.086669921875;616.5730743408203
0;621.7023468017578;621.7347946166992
0;643.4863433837891;642.1621627807617
0;627.1238174438477;635.4372940063477
0;619.2962951660156;616.0573501586914
0;624.3996200561523;621.3032531738281
0;620.6842422485352;618.2645111083984
0;619.0137252807617;615.8927612304688
0;610.3087310791016;622.4571990966797
0;619.2430038452148;629.6636734008789
0;619.0988006591797;630.5278244018555
0;622.3980484008789;624.9133453369141
0;615.4625473022461;613.5666122436523
0;618.0478363037109;616.3242797851562
0;615.1847915649414;612.2301483154297
0;618.9011306762695;615.8359756469727
0;616.8352279663086;614.0469512939453
0;627.3910522460938;624.2725372314453
0;615.7538146972656;616.4921340942383
0;612.9930419921875;610.8508682250977
0;620.1360549926758;618.290412902832
0;611.5581588745117;609.1218566894531
0;620.7731628417969;619.1117630004883
0;615.9060134887695;616.812385559082
0;618.169921875;615.1248474121094
0;614.8339385986328;612.7049026489258
0;619.5027542114258;618.0876617431641
0;617.8620758056641;616.4533004760742
0;620.9327011108398;621.2339935302734
0;616.9453887939453;624.8401107788086
0;624.4823608398438;626.7631759643555
0;618.9050369262695;617.6061630249023
0;615.6178207397461;612.460563659668
0;610.7400817871094;611.5322952270508
0;777.1213302612305;900.2325210571289
0;709.5941543579102;879.1054382324219
0;702.6186676025391;700.2733001708984
0;696.083740234375;691.8472061157227
0;693.9761276245117;738.8517532348633
0;689.0389633178711;968.1792678833008
0;689.2310180664062;734.0579376220703
0;680.0763702392578;672.2752914428711
0;676.6410751342773;680.8981857299805
0;669.2286224365234;723.1629333496094
0;666.0338363647461;672.4832992553711
0;669.4108276367188;735.6582565307617
0;669.3254013061523;683.8864898681641
0;662.4450836181641;662.1695785522461
0;660.4870376586914;679.055305480957
0;662.5044784545898;670.036262512207
0;667.2443542480469;671.7333755493164
0;663.4417495727539;664.4119186401367
0;656.6907119750977;654.5617065429688
0;654.5162200927734;653.7451705932617
0;656.8463821411133;656.1578369140625
0;659.0409622192383;657.9878692626953
0;662.9104461669922;659.1740341186523
0;659.8591461181641;666.4143524169922
0;659.5628204345703;748.9385147094727
0;657.9192276000977;662.3083114624023
0;658.0764236450195;657.5914001464844
0;648.4142379760742;663.6444854736328
0;647.4635772705078;651.8785858154297
0;645.8133010864258;646.9470443725586
0;645.8610687255859;641.8720321655273
0;646.196044921875;644.493278503418
0;639.7022552490234;643.0563888549805
0;645.5048828125;643.9721832275391
0;640.0261840820312;646.4942245483398
0;641.4627456665039;642.8552398681641
0;645.9011840820312;649.4758529663086
0;643.8075714111328;644.8203506469727
0;643.5784072875977;642.0332641601562
0;643.1631393432617;646.8760604858398
0;637.6511611938477;635.5928268432617
0;643.1337738037109;639.5700073242188
0;638.6095886230469;668.9199600219727
0;645.1643676757812;662.6999435424805
0;636.3247680664062;637.2098388671875
0;632.911865234375;639.6009674072266
0;633.7052917480469;636.558219909668
0;634.3142852783203;644.6212844848633
0;630.9266052246094;637.9465484619141
0;633.0706634521484;640.1262664794922
0;635.8253326416016;635.9770736694336
0;637.124641418457;635.3243103027344
0;632.6878890991211;632.4642791748047
0;630.7898025512695;632.1647186279297
0;630.9313049316406;641.5108032226562
0;632.4131088256836;630.2558212280273
0;635.2820816040039;636.3735198974609
0;637.1402206420898;637.7049102783203
0;630.6809921264648;628.6324157714844
0;638.1575622558594;634.7616729736328
0;632.5691680908203;631.7306442260742
0;633.7488021850586;633.0852661132812
0;634.1071014404297;637.728157043457
0;631.9444351196289;633.3427810668945
0;634.0006561279297;632.3133163452148
0;635.4308547973633;632.3050231933594
0;631.3804626464844;628.9378662109375
0;629.2442779541016;635.0525207519531
0;631.2908477783203;629.2044219970703
0;636.5077972412109;642.2048187255859
0;630.485710144043;630.3077392578125
0;631.5839233398438;629.463134765625
0;636.2922286987305;639.3799133300781
0;629.3213806152344;634.6563034057617
0;630.8578262329102;628.4736404418945
0;633.3769836425781;634.6551818847656
0;631.1500778198242;630.3295211791992
0;636.8150787353516;635.7927017211914
0;638.3675918579102;649.8514785766602
0;631.2230377197266;674.0530853271484
0;630.6069183349609;652.1106491088867
0;627.8878555297852;654.5683746337891
0;627.9982528686523;631.3569641113281
0;635.7093505859375;651.5759811401367
0;634.2713317871094;631.1471405029297
0;631.9283676147461;633.9143295288086
0;628.9034042358398;635.5113220214844
0;630.0929107666016;633.654182434082
0;631.6179580688477;631.8433837890625
0;638.3509292602539;634.3432312011719
0;628.6285705566406;626.0169525146484
0;620.2985916137695;616.8815078735352
0;635.7575454711914;634.4448165893555
0;624.6828231811523;625.3249282836914
0;627.7437973022461;626.0850372314453
0;628.1397857666016;630.2133331298828
0;626.6549377441406;623.5900573730469
0;623.1506958007812;631.8747787475586
0;629.3650283813477;640.2724609375
0;630.234001159668;628.601188659668
0;633.9580612182617;634.3685989379883
0;632.6786270141602;632.5704193115234
0;623.8287506103516;622.296501159668
0;625.8962478637695;625.8734588623047
0;621.6779327392578;620.0516052246094
0;624.7846374511719;625.3522186279297
0;634.4230041503906;631.6127014160156
0;629.6023635864258;631.1617431640625
0;629.7140121459961;627.2987670898438
0;624.225959777832;648.1462783813477
0;623.6045837402344;630.3297653198242
0;629.3254623413086;630.3201065063477
0;617.601921081543;614.9704971313477
0;628.5272903442383;655.9524765014648
0;627.2449417114258;634.0291213989258
0;631.0309448242188;630.5526428222656
0;632.5433959960938;637.3988494873047
0;619.8214111328125;618.2182159423828
0;625.1052703857422;625.7156829833984
0;630.0642242431641;627.5316925048828
0;628.0679016113281;627.3616256713867
0;626.1350936889648;623.3048629760742
0;627.8056335449219;624.5533218383789
0;626.0463562011719;628.053337097168
0;626.4419250488281;624.1497802734375
0;626.53759765625;624.6244659423828
0;621.8145904541016;618.5223541259766
0;624.4442749023438;626.352912902832
0;614.3785400390625;613.3164596557617
0;619.0636520385742;631.9401016235352
0;624.3290328979492;623.4320755004883
0;620.2372131347656;614.9726791381836
0;621.4521713256836;619.3920745849609
0;630.4328079223633;629.4553756713867
0;621.9849166870117;625.7149124145508
0;625.4659957885742;646.6849899291992
0;620.7237930297852;621.6644058227539
0;625.6185455322266;630.9154968261719
0;625.9162216186523;624.7732238769531
0;622.7093353271484;625.6067886352539
0;625.2847518920898;637.5113906860352
0;621.1876068115234;625.324592590332
0;628.4436721801758;629.5408706665039
0;621.6700973510742;622.9174346923828
0;623.8247299194336;635.6475601196289
0;619.6472930908203;617.1871032714844
0;626.2632751464844;623.9761428833008
0;618.3119659423828;620.4597778320312
0;619.0645065307617;630.6193618774414
0;615.2659378051758;615.169303894043
0;625.8858413696289;629.6697158813477
0;616.2856979370117;617.9322738647461
0;621.583251953125;622.7708358764648
0;616.0861663818359;623.366325378418
0;618.8669204711914;623.6833267211914
0;613.3594436645508;612.4132232666016
0;624.4655075073242;625.2097625732422
0;627.753791809082;624.8958511352539
0;622.5461883544922;634.5500640869141
0;622.070556640625;622.557975769043
0;615.7553405761719;622.2092361450195
0;621.9167251586914;626.0624160766602
0;618.6661758422852;621.8559494018555
0;620.9078826904297;620.718147277832
0;623.5828247070312;627.8205032348633
0;624.5703125;625.5839996337891
0;621.2145919799805;624.9616088867188
0;614.1557922363281;616.0348968505859
0;619.0556335449219;616.085319519043
0;623.0329055786133;621.6001205444336
0;621.2470474243164;618.5695495605469
0;617.1230163574219;625.666862487793
0;620.9221115112305;639.7929229736328
0;612.054801940918;610.0604705810547
0;612.8193206787109;610.4440765380859
0;621.8978652954102;619.9367370605469
0;617.5986175537109;615.7085037231445
0;618.3257217407227;616.3459091186523
0;625.3090133666992;631.8425369262695
0;618.4396286010742;616.8731536865234
0;624.5077438354492;633.5606307983398
0;621.2900009155273;621.3561935424805
0;622.6626586914062;622.8651809692383
0;623.8335952758789;622.0908584594727
0;611.2582244873047;608.5123748779297
0;618.0993041992188;627.8348159790039
0;615.9699249267578;614.9458465576172
0;610.0850982666016;610.4625244140625
0;617.719596862793;616.5431137084961
0;617.8843460083008;618.2371139526367
0;621.565071105957;623.9550170898438
0;622.9854965209961;628.4746704101562
0;616.7045440673828;621.3743591308594
0;620.8256378173828;625.8083267211914
0;613.4985275268555;614.259635925293
0;615.9569778442383;618.4523620605469
0;623.9310531616211;622.0052261352539
0;619.0837020874023;615.8818817138672
0;618.7126312255859;622.9767684936523
0;616.9214782714844;615.0045394897461
0;619.6310882568359;623.4324951171875
0;625.9634246826172;628.52197265625
0;612.5306167602539;609.7822570800781
0;613.8118515014648;624.9107894897461
0;610.7327728271484;615.3260040283203
0;609.9286880493164;607.6838989257812
0;618.0456008911133;626.2435989379883
0;620.6486206054688;620.6267471313477
0;613.2460174560547;614.8438262939453
0;613.5595855712891;617.1397323608398
0;615.5070419311523;623.4497833251953
0;608.7944946289062;610.4980545043945
0;621.2640228271484;625.9492568969727
0;615.4770736694336;613.8685760498047
0;614.6484298706055;631.808464050293
0;614.8236236572266;611.1740417480469
0;625.2387008666992;624.3115768432617
0;618.8264770507812;616.8476333618164
0;619.6977310180664;623.6263885498047
0;612.064079284668;611.7690582275391
0;607.4651794433594;607.7119598388672
0;616.0882110595703;618.1128005981445
0;621.1722640991211;618.8358764648438
0;613.7145462036133;611.7424011230469
0;616.8369064331055;617.7798919677734
0;616.7891464233398;615.6793746948242
0;617.8076248168945;619.0130920410156
0;611.9607925415039;611.4673614501953
0;617.6722183227539;619.7303466796875
0;614.188606262207;612.2869644165039
0;611.7401580810547;616.5108795166016
0;619.2624359130859;617.2320098876953
0;612.4844436645508;610.1666488647461
0;605.4400787353516;607.2602005004883
0;618.6692123413086;618.7729949951172
0;620.9075698852539;620.7965850830078
0;620.2679443359375;617.4187469482422
0;606.3592529296875;617.8046417236328
0;614.8608474731445;619.3112335205078
0;613.8162841796875;612.8437042236328
0;609.4699859619141;609.3824996948242
0;617.9282073974609;627.0435180664062
0;610.4401626586914;610.3710861206055
0;614.6562881469727;617.0679397583008
0;616.4922256469727;614.8699493408203
0;608.5808792114258;608.5581283569336
0;612.332405090332;610.3643569946289
0;614.2439270019531;611.5159454345703
0;605.1826629638672;602.5447006225586
0;615.3423843383789;613.9759979248047
0;621.0453948974609;617.6908264160156
0;606.7218399047852;604.0531387329102
0;616.1975479125977;614.8719711303711
0;612.3290863037109;609.3608322143555
0;613.3543243408203;610.4535369873047
0;610.5823669433594;606.5141983032227
0;609.8728866577148;610.2403793334961
0;614.1394271850586;614.3817443847656
0;615.6958618164062;612.3633575439453
0;609.6709823608398;606.2639770507812
0;609.8530044555664;606.5984115600586
0;608.0363006591797;605.057731628418
0;609.3046722412109;606.3233413696289
0;615.8479156494141;614.7344131469727
0;608.960693359375;608.7916641235352
0;617.2318878173828;619.0255508422852
0;612.1061019897461;607.983024597168
0;603.8988418579102;599.9339065551758
0;608.2705383300781;610.0195083618164
0;610.5679321289062;607.8920669555664
0;607.37109375;603.9676132202148
0;613.9692077636719;619.1741180419922
0;609.5291976928711;607.0812759399414
0;619.1002502441406;620.0640411376953
0;612.5143890380859;608.9929428100586
0;606.1581192016602;612.0994873046875
0;615.7398376464844;621.0246734619141
0;613.360595703125;610.5963516235352
0;605.992805480957;606.0563049316406
0;602.8661651611328;601.9195938110352
0;609.7038726806641;609.3362121582031
0;613.4272232055664;611.6289978027344
0;605.2278213500977;603.799430847168
0;609.9683303833008;608.4037017822266
0;605.5916213989258;606.3618240356445
0;608.3176879882812;606.8132553100586
0;607.4666519165039;613.6339263916016
0;606.1117935180664;609.0815048217773
0;607.1001968383789;607.8057250976562
0;611.1318664550781;615.2808990478516
0;604.1608734130859;604.6865997314453
0;616.3860168457031;612.5992279052734
0;611.4082183837891;607.9861145019531
0;611.3840484619141;613.6096420288086
0;610.1292419433594;608.0191955566406
0;606.2755432128906;603.0627136230469
0;609.8485717773438;607.0683364868164
0;611.0377426147461;608.1878967285156
0;609.7582778930664;606.9671020507812
0;617.4890060424805;623.8968887329102
0;612.3855361938477;609.2296600341797
0;609.1234817504883;612.1498947143555
0;609.3059310913086;606.4552536010742
0;611.7976684570312;609.5664596557617
0;616.1218109130859;612.8664474487305
0;613.2063293457031;609.8479843139648
0;604.5747604370117;600.8889923095703
0;607.6018218994141;607.2157745361328
0;605.0499877929688;601.7193756103516
0;615.6346054077148;615.0425415039062
0;610.1248550415039;607.1153717041016
0;611.6047058105469;612.7907104492188
0;617.0049285888672;615.7342758178711
0;605.7060699462891;601.8421325683594
0;603.3072128295898;605.6250915527344
0;606.8609161376953;604.9638061523438
0;607.9958572387695;605.8157043457031
0;604.9393844604492;601.279914855957
0;599.0763626098633;597.567756652832
0;612.7779235839844;616.3206481933594
0;605.8216171264648;604.1153793334961
0;610.0192108154297;608.0409774780273
0;613.631477355957;610.6406478881836
0;606.1991806030273;604.8031692504883
0;604.9269485473633;603.7558746337891
0;603.8058319091797;605.3230133056641
0;613.9021911621094;612.346305847168
0;610.8893508911133;606.1762924194336
0;604.4274749755859;600.1945037841797
0;611.3912506103516;609.1867752075195
0;610.724494934082;610.1122131347656
0;603.3397674560547;598.7491760253906
0;599.0679626464844;596.3675308227539
0;607.2487411499023;607.1396331787109
0;608.9359436035156;606.0471343994141
0;601.708854675293;599.5203857421875
0;613.8588256835938;611.7698669433594
0;613.0375366210938;610.5204772949219
0;607.9776000976562;606.4397430419922
0;600.0159912109375;593.8252944946289
0;604.8293991088867;602.5075988769531
0;607.640983581543;605.1092300415039
0;610.1596145629883;605.6591186523438
0;609.0040054321289;609.2816696166992
0;608.8285598754883;608.3671493530273
0;599.3091888427734;596.8193740844727
0;605.0601196289062;602.0394287109375
0;611.6866302490234;608.9806213378906
0;616.1219635009766;612.3545455932617
0;609.1735534667969;605.4723052978516
0;610.2830352783203;607.9182662963867
0;612.2182083129883;609.4985122680664
0;605.6756286621094;604.5719604492188
0;601.3046875;600.3901901245117
0;613.2074508666992;610.2321014404297
0;602.3796005249023;598.6661529541016
0;606.914436340332;606.6845092773438
0;612.2549057006836;608.8210220336914
0;606.898063659668;603.8919067382812
0;599.8006439208984;599.8393325805664
0;606.6705627441406;603.4231338500977
0;610.7540893554688;607.6668853759766
0;607.4649429321289;604.5121307373047
0;609.3260650634766;608.0121231079102
0;606.7165069580078;603.0699996948242
0;604.8001251220703;602.2647094726562
0;608.017219543457;606.1631774902344
0;609.8843994140625;606.4088439941406
0;607.986457824707;604.979133605957
0;603.6743011474609;602.352783203125
0;609.4659042358398;606.5968780517578
0;607.7313842773438;603.9707489013672
0;611.2902221679688;609.8029098510742
0;603.8793334960938;603.6432342529297
0;608.2475357055664;605.2573089599609
0;615.3035278320312;613.8045883178711
0;606.1786956787109;603.4560165405273
0;607.4375762939453;606.1798782348633
0;610.3712768554688;607.1876602172852
0;608.3150329589844;604.8840866088867
0;614.2048416137695;610.6328277587891
0;601.4043731689453;597.2265472412109
0;609.8069458007812;611.5384216308594
0;603.5429000854492;600.740852355957
0;602.7320175170898;599.8953247070312
0;608.7403030395508;605.3405990600586
0;610.564567565918;607.0453720092773
0;611.3243637084961;609.1469573974609
0;603.7240371704102;600.4549407958984
0;613.0426254272461;611.0649490356445
0;605.7720413208008;603.3012924194336
0;607.6549301147461;604.7406616210938
0;608.5131301879883;606.3211212158203
0;611.2871017456055;609.0640563964844
0;605.6074066162109;600.8313064575195
0;603.8883895874023;603.8856582641602
0;608.3115615844727;604.9177474975586
0;608.3077850341797;606.0528869628906
0;606.4803009033203;616.0218505859375
0;611.3146514892578;608.0513305664062
0;778.3029098510742;1133.6647033691406
0;737.0169982910156;711.0503311157227
0;719.2506637573242;712.6578979492188
0;707.5431365966797;713.1568756103516
0;705.4141540527344;712.5647964477539
0;704.0741119384766;713.9511108398438
0;703.406364440918;717.5146484375
0;703.9987335205078;721.3963241577148
0;703.1945419311523;728.1042785644531
0;702.4292755126953;738.9510803222656
0;700.3599853515625;748.4878311157227
0;700.8838043212891;745.5370330810547
0;701.2969589233398;746.1658020019531
0;703.6504211425781;740.4410629272461
0;704.0402069091797;738.4594039916992
0;702.4733123779297;736.0998001098633
0;772.6396560668945;1131.6518249511719
0;703.9208221435547;837.1384506225586
0;699.0999526977539;876.138542175293
0;691.4427108764648;805.6186981201172
0;687.6114654541016;687.4164123535156
0;685.6808090209961;717.103645324707
0;682.1329803466797;680.0223846435547
0;673.6932525634766;783.263801574707
0;665.7888488769531;753.4983825683594
0;670.6218643188477;723.1852416992188
0;667.0242080688477;663.1410598754883
0;670.5952835083008;681.9599380493164
0;662.3564987182617;698.8510971069336
0;662.3688659667969;687.5782318115234
0;657.8547515869141;682.1606979370117
0;663.5590515136719;668.7270278930664
0;658.2920379638672;725.2190322875977
0;656.2152328491211;680.2247619628906
0;653.9097442626953;665.8480453491211
0;650.5248031616211;695.8848495483398
0;653.0898971557617;687.9324569702148
0;646.5484161376953;671.2502136230469
0;648.0607986450195;669.3837432861328
0;648.2150344848633;660.1018600463867
0;644.7217712402344;670.9539642333984
0;649.5985946655273;682.0195236206055
0;643.1865234375;668.3434371948242
0;648.4902114868164;677.6287002563477
0;645.9440231323242;661.0848770141602
0;636.3959350585938;650.8679122924805
0;645.3360214233398;677.0671157836914
0;637.4332885742188;654.7130661010742
0;637.2565002441406;649.8209075927734
0;638.0737533569336;667.632698059082
0;643.4145355224609;660.2027816772461
0;638.8316955566406;659.4561080932617
0;638.9937973022461;662.2906799316406
0;637.1212692260742;658.1138534545898
0;637.2352066040039;652.0448760986328
0;645.2276763916016;645.1133804321289
0;633.9372482299805;643.9568099975586
0;636.3770065307617;652.1089630126953
0;629.983642578125;645.7815017700195
0;634.253059387207;638.4623718261719
0;639.1755599975586;655.5288543701172
0;637.4492797851562;646.4462890625
0;638.0950469970703;650.0406036376953
0;632.2470779418945;645.4146041870117
0;628.7147445678711;631.8309478759766
0;635.4339599609375;643.9717330932617
0;630.3789215087891;636.3528518676758
0;634.8828125;643.2042236328125
0;627.0425109863281;628.1432800292969
0;633.7556762695312;640.6630020141602
0;627.9647216796875;635.8461303710938
0;630.8276062011719;643.4105224609375
0;635.9423065185547;641.1281509399414
0;627.8613967895508;635.2710494995117
0;632.4020690917969;638.3373718261719
0;642.644172668457;659.9248275756836
0;629.0072708129883;627.0362319946289
0;628.7171096801758;647.4497680664062
0;630.1917266845703;641.4906921386719
0;624.0692520141602;624.6426467895508
0;628.7591171264648;630.7965240478516
0;632.4063720703125;636.5555725097656
0;636.7077713012695;634.1707382202148
0;628.9059143066406;625.3821868896484
0;627.7481460571289;636.4743499755859
0;625.1580657958984;633.5785980224609
0;635.0637817382812;638.582145690918
0;623.1286697387695;623.539909362793
0;626.8286361694336;644.2882843017578
0;627.5338745117188;634.1527633666992
0;626.827766418457;628.1736373901367
0;619.0200958251953;622.0771102905273
0;628.1334915161133;635.3946304321289
0;621.6786499023438;622.1320571899414
0;629.5646591186523;644.1143951416016
0;628.4885635375977;632.8020477294922
0;626.0403747558594;626.9023971557617
0;630.2217102050781;632.0929718017578
0;626.4689712524414;625.068473815918
0;628.4977874755859;634.8264083862305
0;629.5002593994141;633.6228332519531
0;624.5768890380859;627.6880569458008
0;620.2220687866211;628.6286697387695
0;623.5009307861328;628.9041519165039
0;629.2803344726562;634.6451721191406
0;624.3712997436523;623.5983581542969
0;621.4073791503906;622.7129135131836
0;634.4560394287109;638.3325805664062
0;632.47216796875;631.3111724853516
0;622.1043243408203;620.2388076782227
0;625.1593475341797;630.9106369018555
0;627.6621322631836;632.835563659668
0;621.1189575195312;622.9583892822266
0;623.2891540527344;619.9201583862305
0;624.9254379272461;623.7458648681641
0;621.8933792114258;620.652099609375
0;620.5782012939453;619.2281112670898
0;627.0810546875;633.8501968383789
0;621.5355377197266;618.9460830688477
0;625.4535446166992;624.3965606689453
0;626.2014236450195;626.4747695922852
0;618.5493850708008;615.0823364257812
0;622.2478637695312;626.6942901611328
0;612.9526138305664;613.213005065918
0;626.7939071655273;638.3503952026367
0;624.8936996459961;622.6557388305664
0;622.7484817504883;628.2882537841797
0;620.9749145507812;619.7155303955078
0;622.103141784668;624.6146697998047
0;621.6586761474609;630.9084091186523
0;627.8185577392578;638.9763488769531
0;615.87890625;614.7861022949219
0;617.3476181030273;624.1211853027344
0;619.9090270996094;618.7080307006836
0;613.7164459228516;620.6887817382812
0;610.4506912231445;609.1845779418945
0;624.6531448364258;626.1616058349609
0;619.2188568115234;617.4901351928711
0;615.2833480834961;613.9102554321289
0;620.6444320678711;619.1291961669922
0;617.2887115478516;623.4874496459961
0;623.5986480712891;626.6514282226562
0;618.3546981811523;617.4918899536133
0;618.9516448974609;618.1090774536133
0;612.5698318481445;615.6903686523438
0;617.4000854492188;616.7066421508789
0;620.1699371337891;621.1858673095703
0;619.6652755737305;618.2537841796875
0;607.5107040405273;604.9784774780273
0;618.4403228759766;622.7183609008789
0;617.1201782226562;616.4652328491211
0;616.1791915893555;615.5973434448242
0;612.1366577148438;611.7783889770508
0;622.6183624267578;620.2310943603516
0;614.1371688842773;611.7273025512695
0;609.3260498046875;606.3142929077148
0;617.7957992553711;625.1875686645508
0;618.7869262695312;617.7287902832031
0;617.9378204345703;619.5753479003906
0;617.9044494628906;614.1609420776367
0;614.4963531494141;614.8855819702148
0;622.2563934326172;619.4992828369141
0;618.7829895019531;618.4656829833984
0;614.7791442871094;624.7920837402344
0;612.4486770629883;610.2567520141602
0;606.1900634765625;609.2552642822266
0;617.8012771606445;625.8488998413086
0;616.8112411499023;614.6818313598633
0;619.7293395996094;618.8640899658203
0;610.5145950317383;611.75146484375
0;619.0878753662109;621.5960311889648
0;615.7747573852539;614.7316436767578
0;620.365234375;626.7155914306641
0;617.2710113525391;615.7780151367188
0;613.7751235961914;613.0758438110352
0;619.1074676513672;619.9854583740234
0;617.8851089477539;615.0146942138672
0;612.8931350708008;611.648078918457
0;611.9054565429688;616.6317596435547
0;623.1159210205078;624.8675765991211
0;619.0198059082031;616.4025192260742
0;619.0123519897461;622.2780685424805
0;614.9620742797852;613.1712646484375
0;609.7298812866211;609.4128341674805
0;615.6879272460938;613.0146102905273
0;606.5927200317383;605.427978515625
0;616.4145660400391;620.0474014282227
0;616.2793731689453;616.1043395996094
0;619.6393890380859;618.0726165771484
0;615.9653930664062;612.440055847168
0;609.4119567871094;606.0460968017578
0;617.6495056152344;615.9626007080078
0;609.5218200683594;606.024299621582
0;619.4972152709961;624.5101623535156
0;617.8093338012695;614.4144592285156
0;608.7133255004883;606.1675415039062
0;618.1964416503906;627.9892196655273
0;612.2038345336914;609.2077331542969
0;610.8911743164062;612.6851501464844
0;617.9573516845703;615.8343276977539
0;606.373908996582;603.2116241455078
0;616.5653839111328;614.4974975585938
0;610.0944671630859;607.1050491333008
0;612.827766418457;611.2291412353516
0;611.0120468139648;610.2396545410156
0;618.2761306762695;617.5440979003906
0;612.8985214233398;609.0997848510742
0;616.0829467773438;630.9132919311523
0;607.5610046386719;603.5139312744141
0;612.6733779907227;615.0550384521484
0;610.4350738525391;608.4508056640625
0;608.2458724975586;606.3681793212891
0;610.4243316650391;613.2978591918945
0;613.4583511352539;612.5173568725586
0;607.5298156738281;609.0612411499023
0;613.0630187988281;619.0917739868164
0;607.9111099243164;604.6340179443359
0;615.3166275024414;616.9691925048828
0;614.4401702880859;611.9361953735352
0;601.1172943115234;599.2639846801758
0;617.7795486450195;615.4563217163086
0;610.7080001831055;609.6377563476562
0;607.9160995483398;607.5159683227539
0;618.1360702514648;618.762580871582
0;620.1300964355469;621.104248046875
0;611.0166015625;609.5587615966797
0;610.7703170776367;616.5193557739258
0;609.4444274902344;609.0016632080078
0;613.4425735473633;611.7937240600586
0;614.2614822387695;612.7396469116211
0;619.1993789672852;619.1360702514648
0;612.8921203613281;609.5376815795898
0;614.9372863769531;616.8392791748047
0;617.5801239013672;615.0983734130859
0;608.265869140625;605.6517562866211
0;605.5643539428711;605.3147735595703
0;613.2315979003906;610.8207168579102
0;611.9413223266602;607.57275390625
0;616.5303192138672;615.4855880737305
0;609.6107940673828;606.6213684082031
0;602.7938232421875;599.9379272460938
0;608.8544311523438;606.4796447753906
0;612.9966430664062;611.2898178100586
0;608.3672790527344;604.1942672729492
0;604.4987869262695;601.6923904418945
0;605.7321395874023;604.0003814697266
0;612.6521148681641;614.2862396240234
0;605.7541122436523;601.7645492553711
0;605.5809936523438;605.3779678344727
0;612.7380828857422;610.1784133911133
0;610.3718872070312;608.1673889160156
0;605.3825302124023;603.3439483642578
0;612.0677032470703;609.4922027587891
0;603.4897079467773;602.7934799194336
0;597.6933288574219;595.6491928100586
0;607.9144058227539;608.9686431884766
0;608.5712738037109;605.9608306884766
0;612.1022033691406;612.9023895263672
0;612.6344680786133;609.4882888793945
0;613.0420150756836;611.4599151611328
0;612.1444320678711;611.2628479003906
0;611.6790618896484;608.8509216308594
0;609.486686706543;610.4732208251953
0;613.997917175293;615.1154174804688
0;609.3775405883789;608.1040115356445
0;613.8520889282227;616.4653625488281
0;614.2104187011719;613.8888931274414
0;614.1174850463867;614.2858505249023
0;617.5503845214844;615.5874481201172
0;615.4961471557617;613.9109649658203
0;606.3505783081055;604.2415084838867
0;610.0303573608398;606.5728073120117
0;610.5256729125977;607.3070068359375
0;602.777961730957;600.2272491455078
0;611.6988372802734;607.118278503418
0;608.6065292358398;605.4132385253906
0;602.9794616699219;600.1812210083008
0;599.5514755249023;598.8233795166016
0;606.2635726928711;602.603157043457
0;600.5380325317383;598.010383605957
0;616.2402038574219;618.3088150024414
0;609.397346496582;607.8059463500977
0;602.9450836181641;599.4739379882812
0;607.4372787475586;606.6194915771484
0;613.2081832885742;615.1128005981445
0;615.3284912109375;613.2282180786133
0;605.7335586547852;605.0137405395508
0;614.6542282104492;615.9360046386719
0;603.7780685424805;600.7949600219727
0;613.0706558227539;612.1163482666016
0;611.2366714477539;610.5299987792969
0;607.8967971801758;606.8544464111328
0;607.5040664672852;602.8665008544922
0;605.7870330810547;603.1156845092773
0;605.1930313110352;602.9658279418945
0;609.8922271728516;611.6397933959961
0;610.6439056396484;608.903434753418
0;598.8513717651367;595.5548095703125
0;611.7409896850586;610.6172409057617
0;615.0112991333008;611.1830902099609
0;608.2007522583008;605.2806243896484
0;602.1031799316406;599.1725540161133
0;609.7565383911133;607.8749084472656
0;610.2687606811523;607.4474945068359
0;607.6310348510742;603.4131851196289
0;608.0452651977539;606.2013320922852
0;608.5085906982422;608.908332824707
0;613.3007431030273;610.4937057495117
0;615.1599655151367;612.451057434082
0;604.8993988037109;602.3169174194336
0;612.892448425293;611.1697616577148
0;607.2603225708008;607.2948837280273
0;604.5623550415039;600.8004760742188
0;598.078239440918;593.8554153442383
0;606.7933731079102;606.8858108520508
0;604.3484878540039;605.2502975463867
0;613.9776611328125;611.1312561035156
0;605.1903228759766;603.1328582763672
0;607.8498306274414;603.5744094848633
0;608.5129852294922;604.7920684814453
0;606.4460220336914;604.4999084472656
0;603.4168472290039;600.0420608520508
0;606.7555923461914;604.1005630493164
0;603.59765625;600.7909164428711
0;604.8671035766602;602.3617630004883
0;607.3630599975586;604.6303100585938
0;610.2824554443359;618.088981628418
0;606.6960220336914;602.9310531616211
0;605.2989807128906;609.4373931884766
0;604.1127166748047;602.1240463256836
0;607.7898330688477;610.6769714355469
0;618.1789169311523;615.2343673706055
0;599.8098754882812;598.8163223266602
0;603.2770767211914;604.1379318237305
0;606.3768768310547;603.5057678222656
0;600.9087066650391;600.3074340820312
0;608.7174758911133;605.3230819702148
0;606.2555541992188;602.5251617431641
0;603.725456237793;601.6504440307617
0;607.4354858398438;607.659294128418
0;601.6225433349609;602.2868576049805
0;606.013298034668;603.7952041625977
0;608.8620223999023;606.6412887573242
0;601.4955215454102;596.3557891845703
0;603.662727355957;601.4157867431641
0;595.7599792480469;593.2041168212891
0;606.8162612915039;604.8200073242188
0;602.9299926757812;600.3889389038086
0;607.1164093017578;605.229606628418
0;605.1401443481445;601.6691436767578
0;606.5704116821289;604.8315963745117
0;605.0192108154297;601.8022384643555
0;606.5764312744141;605.0323715209961
0;601.7283477783203;598.4176559448242
0;602.2677917480469;598.2028961181641
0;604.1563873291016;601.0717849731445
0;605.0006561279297;602.2271957397461
0;603.7425765991211;603.359489440918
0;602.3778839111328;599.2185821533203
0;604.1716918945312;600.404914855957
0;603.2603607177734;599.9366836547852
0;598.3927383422852;595.0620727539062
0;605.6559753417969;607.54052734375
0;605.6971130371094;602.0658721923828
0;603.0903472900391;599.7994079589844
0;591.9714965820312;589.1732559204102
0;604.1323623657227;601.8940200805664
0;602.1057586669922;598.8751907348633
0;609.079704284668;607.6578598022461
0;607.8211059570312;604.9064254760742
0;605.697395324707;602.2188949584961
0;601.4561920166016;597.8053894042969
0;596.8552169799805;593.445198059082
0;606.0431594848633;603.0182647705078
0;595.8022613525391;593.3193969726562
0;611.5177688598633;609.5155258178711
0;603.8183364868164;599.0593338012695
0;604.3573379516602;602.8340606689453
0;602.627082824707;600.7081069946289
0;601.9962844848633;603.6427154541016
0;602.8707733154297;598.4707946777344
0;602.8877868652344;599.4957504272461
0;606.164794921875;601.9187927246094
0;599.0420684814453;596.3997497558594
0;596.8042678833008;595.5731582641602
0;606.7363357543945;604.1547241210938
0;605.7983932495117;600.6286849975586
0;602.2140884399414;599.8151931762695
0;596.1917114257812;593.3649673461914
0;595.3539733886719;592.4045486450195
0;600.4277801513672;597.0493621826172
0;600.1364669799805;597.7128448486328
0;607.9723968505859;616.8063735961914
0;604.5242767333984;601.0650863647461
0;599.6438369750977;596.7511215209961
0;604.5956878662109;601.4968872070312
0;608.8665084838867;608.0015258789062
0;594.6382598876953;589.6537628173828
0;608.3964691162109;611.6872406005859
0;601.1624298095703;596.4479446411133
0;596.5826797485352;592.6038360595703
0;603.9117584228516;602.6067886352539
0;602.3881149291992;598.1535949707031
0;601.9724044799805;599.8698196411133
0;598.7691040039062;594.8180236816406
0;605.7566986083984;602.4067230224609
0;603.0160827636719;599.8761825561523
0;597.4973373413086;594.5245666503906
0;596.6187896728516;593.0083236694336
0;599.0416107177734;595.3810195922852
0;604.4297637939453;602.039192199707
0;599.928955078125;596.4207229614258
0;604.6874618530273;600.9523162841797
0;598.7559814453125;594.3929748535156
0;601.5839767456055;597.1867828369141
0;603.7146530151367;602.4651794433594
